address_street,address_house
ıııııııııııııııııııııı ıııııııııııııııı,15
ıııııııııııııııııııııı ıııııııııı,26
ıııııııııı ıııııııııııııııııı,8ıı
ıııııııııııııııııııııııııııııııı ıııııııııııııı,5
ıııııııııııııııııııı ıııııııııı,6
ıııııııııııııııııııı ıııııııııı,2
ıııııııııııııııı ıııııııııı,64
ıııııııııııııı ıııııııııııııııı,15
ıııııııııııııııııııı ıııııııııı,45
ıııııııııııııııııııı ıııııııııııııııı ıııııııııııı,1
ıııııııııııııııııııııı ıııııııııııııııı,15
ıııııııııı ıııııııııııııııııııııııı,4
ıııııııııııııı ıııııııııııııı ıııııııııı,6
ıııııııııııııııııııı ıııııııııııııııı,16/2
ıııııııııııııııı ıııııııııııııııııııı,12
ıııııııııııııııı ıııııııııı,8ıı
ıııııııııı ıııııııııııııııııı,6ıı
ıııııııııııııııııııııı ıııııııııııııııııııı,6
ıııııııııııııııııııııııııııııııııı ıııııııııııııııı,54/31
ıııııııııııııııııııı ıııııııııııııııııııı,3ıı4
ıııııııııııııııı ıııııııııııııııı,57ıı
ıııııııııııııııııııı ıııııııııııııııııı,4
ıııııııııııııııııııııııııııııııııı ıııııııııııııııı,62
ıııııııııııııı ıııııııııııııııııııı ıııııııııı,12
ıııııııııııııııııııııı ıııııııııı,1
ıııııııııııııııııı ıııııııııııııııııııı,16
ıııııııııııııı ıııııııııı,8
ıııııııııııııııııııı ıııııııııı,8
ıııııııııııııı ıııııııııı,8
ıııııııııı ıııııııııııı,10
ıııııııııııııııı ıııııııııı,3ıı2
ıııııııııııııı ıııııııııı,8
ıııııııııııı ıııııııııı,5
ıııııııııııııııııııııı ıııııııııı,1
ıııııııııııııııııııı ıııııııııııııııııı,4
ıııııııııııııııııııı ıııııııııı,29
ıııııııııııııııııııı ıııııııııııııııııı,74
ıııııııııııııııııııı ıııııııııııııııı,24
ıııııııııııııııııııı ıııııııııııııııı ıııııııııııııııı,10
ıııııııııııııııııııııı ıııııııııı,9
ıııııııııııııııııııı ıııııııııııııııı,24ıı2
ıııııııııııııııııııı ıııııııııııııııııııııııııı,4
ıııııııııııııııııııı ıııııııııı,14
ıııııııııııııııııııı ıııııııııııııııııı,74
ıııııııııııııııııııı ıııııııı ıııııııııııııııı,29/66
ıııııııııııııı ıııııııııı,10
ıııııııııııııı ıııııııııı,1
ıııııııııııııı ıııııııııııııııı,24
ıııııııııııııııııııııııııııııııı ıııııııııııııııı,26
2-ï¿½ï¿½ ï¿½ï¿½ï¿½ï¿½ï¿½ï¿½ï¿½ï¿½ï¿½ï¿½ï
ıııııııııı ıııııııııııııııııııı ıııııııııııı,37ıı3
ıııııııııııııııııııı ıııııııı ıııııııııııııııı,76
ıııııııııııııı ıııııııııı,8
ıııııııııııııııı ıııııııııııı,2
ıııııııııııııııııııııı ıııııııııı,12ıı
ıııııııııııııııı ıııııııııııı,4
ıııııııııııııııııııı ıııııııııı,45
ıııııııııııııııı ıııııııııı,1
ıııııııııııııııııııı ıııııııııııııııı,62ıı1
ıııııııııııııııııııııı ıııııııııııııııııııı,6
ıııııııııııııı ıııııııııııııı ıııııııııı,4
ıııııııııııııııııııııııııııııııııı ıııııııııııııııı,26-28
ıııııııııııııııı ıııııııııııııııı,17
ıııııııııııııııııııııııııııııııııı ıııııııııııııııı,26-28
ıııııııııııııııııııı ıııııııııı,45
ıııııııııııııı ıııııııııııııııı,15
ıııııııııı ıııııııııııııııııııııı,15-17
ıııııııııııııııııııı ıııııııııııııııı ıııııııııııı,1
1-ï¿½ï¿½ ï¿½ï¿½ï¿½ï¿½ï¿½ï¿½ï¿½ï¿½ï¿½
ıııııııııııııııııııı ıııııııııııııııııııııııııııııı ıııııııııııı,29
ıııııııııııııııııı ıııııııııııııııııııı,24
ıııııııııııııııııııı ıııııııııı,77
ıııııııııııııııııııııııı ıııııııııııııııııııı,58
ıııııııııııııııııııııı ıııııııııı,14/16
ıııııııııııııııııı ıııııııııı,1ıı3
ıııııııııııııı ıııııııııı,14
ıııııııııı ıııııııııııı,5
ıııııııııııııııııııııııı ıııııııııııııııı,67/13
ıııııııııııııı ıııııııııı,8
ıııııııııııııııııııı ıııııııı ıııııııııı,31
ıııııııııııııııııııı ıııııııı ıııııııııııııııı,28
ıııııııııııııı ıııııııııııııııı,33
ıııııııııııııııııııı ıııııııııııııııııııı,4
ıııııııııııııı ıııııııııııııı ıııııııııı,46
ıııııııııııııııııııı ıııııııııııııııııı,4
ıııııııııııııııı ıııııııııı,1
2-ï¿½ï¿½ ï¿½ï¿½ï¿½ï¿½ï¿½ï¿½ï¿½ï¿½ï¿½ï¿½ï
ıııııııııııııııııııı ıııııııııııııııı,46
ıııııııııııııııııııı ıııııııııı,45
ıııııııııııııııııı ıııııııııı,49/92
ıııııııııı ıııııııııııııı ıııııııııııııııı,34
ıııııııııııııııııııı ıııııııııııııııııııııııııı,4
ıııııııııııııı ıııııııııııııııııı ıııııııııı,12
ıııııııııııııııı ıııııııııı,6
ıııııııııııııııııı ıııııııııııııııı,23
ıııııııııııııııııııı ıııııııııııııııı,8ıı2
ıııııııııııııııııııı ıııııııııııııııııııııııııı,12
ıııııııııııı ıııııııııııııııııııı ıııııııı,6ıı1
ıııııııııııııııııııı ıııııııııııııııııııı,3ıı4
ıııııııııııııııııııı ıııııııııııı,3
ıııııııııııııııııı ıııııııııı,50
ıııııııııııııııııı ıııııııııııııııı,19-21
ıııııııııııııııı ıııııııııı,12
ıııııııııı ıııııııııııııııııııı ıııııııııı,5
ıııııııııııııııı ıııııııııı,64
ıııııııııııııııııııııııı ıııııııııııııııııııı,58
ıııııııııııııı ıııııııııııııı ıııııııııı,4
ıııııııııııııııııııı ıııııııııııııııııııııııııı,4
ıııııııııııııııı ıııııııııı,4
ıııııııııı ıııııııııııııııı,11
ıııııııııııııı ıııııııııııııııııı ıııııııııı,6
ıııııııııııııı ıııııııııı,8
ıııııııııııııııııııııııııııııııııı ıııııııııııııııı,64ıı2
ıııııııııııııııııııı ıııııııııı,5
ıııııııııııııııı ıııııııııı,62
ıııııııııııııııııııııııııııııııııı ıııııııııııııııı,64ıı2
ıııııııııııııııııııııııııııııııııı ıııııııııııııııı,25/2
ıııııııııııııııııııı ıııııııııı,45
ıııııııııııııııı ıııııııııı,1
ıııııııııııııııııı ıııııııııı,5
ıııııııııııııı ıııııııııııııııııııı,31ıı2
ıııııııııııııı ıııııııııııııııııııı ıııııııııı,13
ıııııııııııııı ıııııııııııııııııııııııııııı ıııııııııııııııı,4-6
ıııııııııııııııııııı ıııııııı ıııııııııııııııı,4
ıııııııııııııı ıııııııııııııııı,33
ıııııııııııııııııııı ıııııııııı,45
ıııııııııııııııııııı ıııııııı ıııııııııı,32
ıııııııııııııııı ıııııııııııııııı,13
ıııııııııııııııııı ıııııııııııııııııııı,10
ıııııııııııııııııııııııııııııııııı ıııııııııııııııı,64ıı2
ıııııııııııııııııııı ıııııııııııııııı,2ıı2
ıııııııııııııı ıııııııııııııııııııııııııııı ıııııııııııııııı,4-6
ıııııııııııııııııııı ıııııııııııııııı,78ıı5
ıııııııııııııııııııııııııııııııııı ıııııııııııııııı,62
17-ï¿½ï¿½ ï¿½ï¿½ï¿½ï¿½ï¿½ï¿½ï¿½ï¿½ï¿½ï¿½ï¿½ï¿½ï¿½ï¿½ï¿½ï¿½ï¿
ıııııııııııııııııı ıııııııııı,58
ıııııııııııııııııııı ıııııııı ıııııııııııııııı,45
ıııııııııııııııııı ıııııııııııııı,32ıı
4-ï¿½ï¿½ ï¿½ï¿½ï¿½ï¿½ï¿½ï¿½ï¿½ï¿½ï¿½
ıııııııııııııııııııı ıııııııııııııııı,2ıı2
ıııııııııııııııııııı ıııııııııı,45
ıııııııııııııı ıııııııııı,19ıı
ıııııııııııı ıııııııııııııııııııı ıııııııı,6ıı1
ıııııııııııı ıııııııııııııııııııı ıııııııı,6ıı1
ıııııııııııııııııııııııııııııııııı ıııııııııııııııı,64ıı2
ıııııııııııııı ıııııııııııııııı,72
ıııııııııııııııııııı ıııııııııııııııııııı ıııııııııııı,21
ıııııııııııııııııııı ıııııııııııııııı,2ıı2
ıııııııııııııııııııı ıııııııııı,45
ıııııııııııııııııııııı ıııııııııııııııı,22
ıııııııııııııııııııı ıııııııııııııııı,11ıı2
ıııııııııııııııııııı ıııııııııı,45
ıııııııııııııııııııı ıııııııııı,45
ıııııııııııııııııııı ıııııııııı,45
ıııııııııııııııııııııııııııııııııı ıııııııııııııııı,64ıı2
ıııııııııııııııııııı ıııııııııııııııı,11ıı2
ıııııııııııııııııııı ıııııııııı,45
ıııııııııııııııııııı ıııııııııı,45
ıııııııııııııııı ıııııııııııııııı-ıııııııııııııııııı,1
ıııııııııııııııı ıııııııııı,3ıı2
ıııııııııııııııııııııııııııııııı ıııııııııııııı,5
ıııııııııııııııııııııı ıııııııııııııııııııı,6
ıııııııııııııııı ıııııııııııı,2
ıııııııııııııııııııı ıııııııııııııııııı,74ıı
ıııııııııııı ıııııııııııııııııııı ıııııııı,6ıı1
ıııııııııı ıııııııııııııııııı,2ıı3
ıııııııııı ıııııııııııııııı,23
ıııııııııııııııı ıııııııııı,26ıı1
ıııııııııııııı ıııııııııı,1
ıııııııııııııı ıııııııııııııııı,33
ıııııııııııııııııııııııı ıııııııııııııııı,23
4-ï¿½ï¿½ ï¿½ï¿½ï¿½ï¿½ï¿½ï¿½ï¿½ï¿½ï¿½ï¿½ï¿½ï¿½ï¿½ï¿½ï¿½ï¿½ï¿
ıııııııııııııı ıııııııııı,32
ıııııııııııııııııııı ıııııııı ıııııııııııııııııı,5ıı
ıııııııııııııııııııııııııııı ıııııııııııııııııııı,12-14
ıııııııııııııııııııı ıııııııııııııııı,5
ıııııııııııııııııııı ıııııııııııııııı ıııııııııııı,1
ıııııııııı ıııııııııı,1-3ıı
ıııııııııııııııııııı ıııııııııı,50
ıııııııııııııııııııııı ıııııııııııııııı,15
ıııııııııııııııı ıııııııııı,32
ıııııııııııııııı ıııııııııııı,2
ıııııııııı ıııııııııııııııııı ıııııııııııııııı,7
ıııııııııııı ıııııııııııııııııııı ıııııııı,6ıı1
ıııııııııııııııı ıııııııııııııııı,15
ıııııııııııııııııııı ıııııııııııııııı,11ıı2
ıııııııııııııııııııı ıııııııııııııııı,11ıı2
ıııııııııı ıııııııııı,1-3ıı
ıııııııııııııııııııı ıııııııııııııııı,52ıı1
ıııııııııııııııııııı ıııııııııııııııııııııııııı,4
ıııııııııııııııııı ıııııııııııııııııııı,12
ıııııııııııııııııııııı ıııııııııııııııı,30
ıııııııııııııııııııııı ıııııııııı,2
ıııııııııııııııııııı ıııııııııııııııı,12
ıııııııııııııııııııııııııııııııı ıııııııııııııı,5
ıııııııııııııııı ıııııııııı,2
ıııııııııııı ıııııııııı,5
ıııııııııııııııııııııı ıııııııııı,1
ıııııııııııııııııııııııı ıııııııııııııııı,1
ıııııııııııııııııııı ıııııııııııııı ıııııııııııı,14
ıııııııııııııı ıııııııııı,8
ıııııııııııııııııııı ıııııııııııııııı ıııııııııııııııı,14
ıııııııııııııııı ıııııııııı,6
ıııııııııııııııı ıııııııııııııııı,13
ıııııııııııııııııııııııı ıııııııııııııııı,1
ıııııııııııııııııııııııııııııııııı ıııııııııııııııı,57
ıııııııııııııııııııı ıııııııı ıııııııııııııııı,66
ıııııııııııııııı ıııııııııııı,2
ıııııııııııııııııııı ıııııııııı,17
ıııııııııııııı ıııııııııııııııı,33
ıııııııııııııııııııııııııııııııııı ıııııııııııııııı,64ıı2
ıııııııııııııııııııı ıııııııııııııııı ıııııııııııııııı,14
ıııııııııııııııııııııııııııııııııı ıııııııııııııııı,64ıı2
ıııııııııııııııı ıııııııııı,20ıı1
ıııııııııııııııııııı ıııııııııııı,3
ıııııııııııııııııııı ıııııııııııı ıııııııııııııııııııı,25
ıııııııııııııııııııııııııııııııııı ıııııııııııııııı,73-75
ıııııııııı ıııııııııııııııııııııı,38/9
3-ï¿½ï¿½ ï¿½ï¿½ï¿½ï¿½ï¿½ï¿½ï¿½ï¿½ï¿½ï¿½ï¿½ï¿½ï¿½ï¿½ï¿½ï¿½ï¿½
ıııııııııııııııııı ıııııııııı,1
ıııııııııııııı ıııııııııııııı ıııııııııı,4
ıııııııııııııııııııııı ıııııııııııııııı,4
ıııııııııı ıııııııııııııııııııı ıııııııııı,5
ıııııııııııııııı ıııııııııı,4
ıııııııııııııııııııı ıııııııııııııııı,2
ıııııııııııııııı ıııııııııııııııı,13
ıııııııııı ıııııııııııııııııııııı,27
ıııııııııııııııııııı ıııııııııııııııııııııııııııııı ıııııııııııı,21
ıııııııııııııııııı ıııııııııı,9
ıııııııııııııı ıııııııııııııııııııııııııııı ıııııııııııııııı,4-6
ıııııııııııııııııııııı ıııııııııııııı,16
ıııııııııııııı ıııııııııııııııı,32-34
ıııııııııı ıııııııııııııııııııııı,15-17
ıııııııııııııııııııı ıııııııııııııııı,5
ıııııııııı ıııııııııı ıııııııııııııııı,8
ıııııııııııııııııııı ıııııııııııııııııı,74
ıııııııııııııııııııı ıııııııııı,40ıı1
ıııııııııııııııı ıııııııııı,64
ıııııııııııııııııııııı ıııııııııı,39
ıııııııııııııı ıııııııııııııııııııı ıııııııııı,13
ıııııııııı ıııııııııııııı ıııııııııııııııı,32
ıııııııııııı ıııııııııııııııııııı ıııııııı,6ıı1
ıııııııııııııııııııııı ıııııııııııııııı,15
ıııııııııı ıııııııı ıııııııııııııııı,7
ıııııııııııııııı ıııııııııııııııı,61
ıııııııııııııııııııı ıııııııı ıııııııııııııııı,45
ıııııııııııııı ıııııııııııııııııııı,43ıı1
ıııııııııııııııııııı ıııııııı ıııııııııı,32
ıııııııııııııııııııı ıııııııı ıııııııııı,32
ıııııııııııııııııııııııı ıııııııııı,4-6
ıııııııııııııııı ıııııııııııı,2
ıııııııııııııııııııııı ıııııııııııııııı,15
ıııııııııııııııııııııııı ıııııııııııııııııııı,58
ıııııııııııııııııııı ıııııııııı,45
ıııııııııııııııı ıııııııııııııııııııı,8ıı2
ıııııııııııııııı ıııııııııııııııııııııı,19
ıııııııııııııııı ıııııııııııııııııııı,12
ıııııııııııııııııııııı ıııııııııııııııı,26
ıııııııııı ıııııııııııııı,13
ıııııııııııııııııııııııııııııııııı ıııııııııııııııı,19/13
ıııııııııııııııııııı ıııııııııııııııııı,4
ıııııııııııııııııııııııııııııııııı ıııııııııııııııı,62
ıııııııııııııııııııı ıııııııı ıııııııııııııııı,16ıı2
ıııııııııııııııııııı ıııııııııııııııı,9ıı
ıııııııııı ıııııııııı,1-3ıı
ıııııııııııııııı ıııııııııı,1
ıııııııııııııııııııı ıııııııııııııııı,78ıı2ıı
ıııııııııııııııııııı ıııııııııı,14
ıııııııııııııııııııı ıııııııııııııııı,183-185ıııı8
ıııııııııııııııı ıııııııııııııııı,6
ıııııııııııııııııııı ıııııııııııııııııııı,4
ıııııııııııııııııııııııııı ıııııııııııııııı,2-4
27-ï¿½ï¿½ ï¿½ï¿½ï¿½ï¿½ï¿½ï¿½ï¿½ï¿½ï¿½ï¿½ï¿½ï¿½ï¿½ï¿½ï¿½ï¿½ï¿½ï¿
ıııııııııııııııııııııııııııııııııı ıııııııııııııııı,26-28
ıııııııııııııııı ıııııııııı,3ıı2
ıııııııııı ıııııııııııııı,13-15
ıııııııııııııııııı ıııııııııı,1
ıııııııııııııııııııııııııııııııı ıııııııııııııııı,23
ıııııııııııııııııııııııııııııııı ıııııııııııııııı,26
ıııııııııııııııııııı ıııııııııııııııı,32
ıııııııııııııııııııı ıııııııııııııııı,78ıı2
ıııııııııııı ıııııııııı,5
ıııııııııııııııııııı ıııııııııııııııı,32
ıııııııııııııııııııı ıııııııııııııııı,14
ıııııııııııııııııııııı ıııııııııı,9
ıııııııııı ıııııııııııııııııııııı,40
ıııııııııııııııııııı ıııııııııııııııı,5
ıııııııııııııııı ıııııııııı,12
ıııııııııııııııııııııııııııııııııı ıııııııııııııııı,26-28
ıııııııııııııııııııııı ıııııııııı,9
ıııııııııııııııı ıııııııııı,64
ıııııııııııııııııı ıııııııııı,1
ıııııııııııııı ıııııııııııııııı ıııııııııı,9
ıııııııııııııııııııııııı ıııııııııııııııııııı,58
ıııııııııııııııııııııııı ıııııııııııııııı,23
ıııııııııııııııııııııııı ıııııııııııııııııııı,58
ıııııııııııııııııııı ıııııııııııııııı,78ıı5
ıııııııııııııııııııııı ıııııııııııııııı,17
ıııııııııııııııııııı ıııııııııııııııı,62ıı1
9-ï¿½ï¿½ ï¿½ï¿½ï¿½ï¿½ï¿½ï¿½ï¿½ï¿½ï¿½
ıııııııııııııııııııı ıııııııııııııııı ıııııııııııı,1
ıııııııııııııııı ıııııııııııııııı,17
ıııııııııııııııııııı ıııııııııı,50
ıııııııııııııııııııııııııııııııııı ıııııııııııııııı,64ıı2
ıııııııııııııııııııı ıııııııııııııııııııı ıııııııııııı,21
ıııııııııııııı ıııııııııııııııııııı ıııııııııı,12
ıııııııııııııı ıııııııııııııııı,152
ıııııııııı ıııııııııııııııııııııı,36-38
ıııııııııı ıııııııııııı,4
ıııııııııııııııııııı ıııııııı ıııııııııı,5
ıııııııııııııııııııııı ıııııııııı,22
ıııııııııııııııııııı ıııııııııı,8
ıııııııııııııııııı ıııııııııııııııııııı,12
ıııııııııııııııııııı ıııııııııııııııııııı ıııııııııııı,21
ıııııııııııııııı ıııııııııııııı ıııııııııııı,66ıı2
ıııııııııııııııııııı ıııııııııııııııı,137ıı1
ıııııııııııııııı ıııııııııı,3ıı3ıı
ıııııııııııı ıııııııııııııııııııı,11ıı1ıı1
ıııııııııııııııııııı ıııııııı ıııııııııııııııı,76ıı2
ıııııııııııııııııııııııı ıııııııııııııııı,23
ıııııııııııııııı ıııııııııı,52ıı
ıııııııııııııııııııı ıııııııııııııııı,4
ıııııııııııııııı ıııııııııııı,2
ıııııııııııııııı ıııııııııı,3
ıııııııııııııı ıııııııııııııııııııııııııııı ıııııııııııııııı,4-6
ıııııııııııııııı ıııııııııııı,2
ıııııııııııııııııııı ıııııııııııııııııı,4
ıııııııııııı ıııııııııııııııııııı ıııııııı,6ıı1
ıııııııııııııııııııı ıııııııııııııııı,11ıı2
ıııııııııııııııı ıııııııııı,6
ıııııııııııııııı ıııııııııııı,77ıı1
ıııııııııııııııı ıııııııııııı,2
ıııııııııııııııı ıııııııııııııııı-ıııııııııııııııııı,29
ıııııııııııııııııııı ıııııııııııııııııııı,3
ıııııııııı ıııııııııııııııııı,2ıı3
ıııııııııııııııııı ıııııııııı,52
11-ï¿½ï¿½ ï¿½ï¿½ï¿½ï¿½ï¿½ï¿½ï¿½ï¿½ï¿½ï¿½ï¿½ï¿½ï¿½ï¿½ï¿½ï¿½ï¿½
ıııııııııııııııııııı ıııııııı ıııııııııııııııı,55
ıııııııııııııııııııı ıııııııııı,32
8-ï¿½ï¿½ ï¿½ï¿½ï¿½ï¿½ï¿½ï¿½ï¿½ï¿½ï¿½ï¿½ï
ıııııııııııııııııııııı ıııııııııııııııııııı,6
ıııııııııııııııııııııı ıııııııııı,22
ıııııııııı ıııııııııııııııııııııı,36
ıııııııııııııııııııııı ıııııııııı,33
ıııııııııııııı ıııııııııııııııı,24
8-ï¿½ï¿½ ï¿½ï¿½ï¿½ï¿½ï¿½ï¿½ï¿½ï¿½ï¿½ï¿½ï
11-ï¿½ï¿½ ï¿½ï¿½ï¿½ï¿½ï¿½ï¿½ï¿½ï¿½ï¿½ï¿½ï¿½ï¿½ï¿½ï¿½ï¿½ï¿½ï¿½
ıııııııııı ıııııııııııııııııı,40
ıııııııııııııııııııı ıııııııııı,38
ıııııııııııııııııııı ıııııııı ıııııııııııııııı,54
ıııııııııııııı ıııııııııııııııııı ıııııııııı,6
ıııııııııııııııııııııı ıııııııııııııııı,15
1-ï¿½ï¿½ ï¿½ï¿½ï¿½ï¿½ï¿½ï¿½ï¿½ï¿½ï¿½ï¿½ï¿
ıııııııııııııııııı ıııııııııı,5/1
ıııııııııııııııııııııııııııııııııı ıııııııııııııııı,38/96
11-ï¿½ï¿½ ï¿½ï¿½ï¿½ï¿½ï¿½ï¿½ï¿½ï¿½ï¿½ï¿½ï¿½ï¿½ï¿½ï¿½ï¿½ï¿½ï¿½
ıııııııııııııııı ıııııııııı,1
ıııııııııııııııııııı ıııııııı ıııııııııııııııı,52
ıııııııııı ıııııııııııııııı,10
ıııııııııııııı ıııııııııııııııııııı,21ıı2
ıııııııııııııııııııı ıııııııııııııııııııııııııııııı ıııııııııııı,15
ıııııııııııııııı ıııııııııı,31ıı2
ıııııııııııııııı ıııııııııı,6
ıııııııııııııııııııı ıııııııııı,50
ıııııııııııııııııııı ıııııııı ıııııııııı,31
ıııııııııııııııııııııı ıııııııııı,22
ıııııııııııııııııııııı ıııııııııı,33
ıııııııııııııııııııı ıııııııııııııııı,62ıı1
ıııııııııııııı ıııııııııııııııı,63
ıııııııııı ıııııııııııııııııı,4ıı3
ıııııııııııııııııııı ıııııııııı,14
ıııııııııııııııııııı ıııııııııııııııı,78ıı5
ıııııııııııııııııııı ıııııııııııııııııı,4
ıııııııııııııııııııı ıııııııııııııııı,24ıı3
ıııııııııııııııı ıııııııııı,3ıı2ıı
ıııııııııı ıııııııııııııııııı,62
ıııııııııı ıııııııııııııııııııı,8
ıııııııııııııııı ıııııııııı,6
4-ï¿½ï¿½ ï¿½ï¿½ï¿½ï¿½ï¿½ï¿½ï¿½ï¿½ï¿½ï¿½ï¿½ï¿½ï¿½ï¿½ï¿½ï¿½ï¿½ï¿
4-ï¿½ï¿½ ï¿½ï¿½ï¿½ï¿½ï¿½ï¿½ï¿½ï¿½ï¿½ï¿½ï¿½ï¿½ï¿½ï¿½ï¿½ï¿½ï¿½ï¿
ıııııııııı ıııııııııı,1-3ıı
ıııııııııı ıııııııııııııııı,19
ıııııııııııııııııı ıııııııııııııııı,63
ıııııııııı ıııııııııııııııı,10
ıııııııııııııııı ıııııııııııı,2
ıııııııııııııııııııı ıııııııııı,45
ıııııııııııııııııııı ıııııııııııııııı,183-185
ıııııııııııııııııııııııı ıııııııııııııııı,16ıı
ıııııııııııııııııııı ıııııııııı,45
ıııııııııııııııııııı ıııııııııı,45
ıııııııııııııııııııı ıııııııııı,45
ıııııııııııııııııııı ıııııııııııııııı,5
ıııııııııııııııı ıııııııııııııııııııı,12
18-ï¿½ï¿½ ï¿½ï¿½ï¿½ï¿½ï¿½ï¿½ï¿½ï¿½ï¿½ï¿½ï¿½ï¿½ï¿½ï¿½ï¿½ï¿½ï¿½
ıııııııııııııııı ıııııııııı,3ıı2
ıııııııııııııııııııııı ıııııııııı,4
ıııııııııı ıııııııııııııııııı,2
ıııııııııııııııııııı ıııııııııı,12
ıııııııııııııııııııı ıııııııııııııııııııı,7/5
ıııııııııııııııııı ıııııııııı,1ıı2
ıııııııııı-ıııııııııııııııııı ıııııııııı,7ıı1
ıııııııııııııııııııı ıııııııııı,424
ıııııııııııııııııııı ıııııııı ıııııııııııııııı,13
ıııııııııııııı ıııııııııııııııııııı ıııııııııı,19/8
ıııııııııııııııııııı ıııııııı ıııııııııııııııı,4
ıııııııııııııııııııı ıııııııııı,2
ıııııııııııııııııııı ıııııııı ıııııııııııııııı,54
ıııııııııııııııııııı ıııııııııııııııııı,74ıı
ıııııııııııııııııı ıııııııııı,37
ıııııııııııııııııııı ıııııııııı,424
ıııııııııııı ıııııııııı,5
ıııııııııııııııııııııı ıııııııııııııııı,10
ıııııııııııııııııııı ıııııııııııııııı,11ıı3
ıııııııııııııııı ıııııııııııı,77ıı1
ıııııııııııııııı ıııııııııııı,12
ıııııııııııııııııııı ıııııııııııııııııı,4
ıııııııııııııııııııı ıııııııı ıııııııııı,40
ıııııııııııııııııııııııııııııııııı ıııııııııııııııı,26-28
ıııııııııııııııııııııııııııııııııı ıııııııııııııııı,26-28
ıııııııııııııııııııııııııııııııııı ıııııııııııııııı,56ıı2
ıııııııııı ıııııııııııııııı,15
ıııııııııııııııı ıııııııııı,64
ıııııııııııııııııııı ıııııııııııııııı,137ıı1
ıııııııııııııııııııı ıııııııııııııııı,32
ıııııııııııııııııııı ıııııııııı,2
ıııııııııııııııı ıııııııııı,3ıı2
ıııııııııııııııııııııııı ıııııııııııııııı,23
ıııııııııı ıııııııııııııııııııı ıııııııııı,7
ıııııııııı ıııııııııııııııııııııı,63
ıııııııııııııııı ıııııııııııııııı,13
ıııııııııııııııııııııı ıııııııııı,50
ıııııııııııııııı ıııııııııııııııı,24
ıııııııııııııııııııııııı ıııııııııı,2
ıııııııııııııııı ıııııııııııııııı,6
ıııııııııııııı ıııııııııııııııııı ıııııııııı,1
ıııııııııııııııııııı ıııııııııııııııııı,74ıı
ıııııııııııııııı ıııııııııı,3ıı2
ıııııııııııııııııııı ıııııııııııııııııı,74ıı
ıııııııııııııııııııı ıııııııı ıııııııııııııııı,54
ıııııııııııııı ıııııııııııııııııı ıııııııııı,12
ıııııııııııııııııııı ıııııııııı,2
ıııııııııı ıııııııııııııııııııı,2ıı
ıııııııııııııı ıııııııııııııııı,140
ıııııııııııııı ıııııııııı,8
ıııııııııııııııııııııııı ıııııııııııııııı,21/2
ıııııııııııı ıııııııııı,5
ıııııııııı ıııııııııııııııııı,2ıı3
ıııııııııııııııııııı ıııııııı ıııııııııı,31
ıııııııııııııı ıııııııııııııııı ıııııııııı,9ıı
ıııııııııııııııııııı ıııııııııııııııııı,4
ıııııııııııııııııııı ıııııııııııııııııı,74ıı
ıııııııııııııı ıııııııııııııııııııı,31ıı2
ıııııııııı ıııııııııııııııııııııı,38/9
ıııııııııııııı ıııııııııııııııııııııııııııı ıııııııııııııııı,4-6
ıııııııııııııııııı ıııııııııı,10
ıııııııııııııııııııı ıııııııııı,29
ıııııııııııııııı ıııııııııııııııı-ıııııııııııııııııı,93
ıııııııııııııı ıııııııııııııııı,130
ıııııııııııııııııııı ıııııııı ıııııııııııııııı,5/2
ıııııııııııııııııııııııııııııııııı ıııııııııııııııı,38/96
ıııııııııııııııııııııııı ıııııııııı,41
ıııııııııııııııııı ıııııııııı,5
2-ï¿½ï¿½ ï¿½ï¿½ï¿½ï¿½ï¿½ï¿½ï¿½ï¿½ï¿½ï
ıııııııııııııııııı ıııııııııı,1ıı4
ıııııııııııııııııııııııı ıııııııııııııııııııı,58
ıııııııııı ıııııııııııııııııııııı,15-17
ıııııııııııııııııııı ıııııııııııııııı ıııııııııııı,1
ıııııııııııııııı ıııııııııııııııı,13
ıııııııııııııı ıııııııııııııııı,107
ıııııııııııııııı ıııııııııııııııı,46
ıııııııııııııııııııııı ıııııııııııııııı,5
1-ï¿½ï¿½ ï¿½ï¿½ï¿½ï¿½ï¿½ï¿½ï¿½ï¿½ï¿½
ıııııııııııııııııııı ıııııııııı,3ıı4
ıııııııııııııııııııı ıııııııııııııııı,62ıı1
ıııııııııııııııııııı ıııııııııııııııı ıııııııııııı,1
ıııııııııııııııı ıııııııııııııııı,13
ıııııııııııııııııııııııı ıııııııııııııııııııı,58
ıııııııııııııııı ıııııııııııı,2
ıııııııııııııııııııı ıııııııııııııııı,65
ıııııııııı ıııııııııııııııı,10
ıııııııııııııııııııı ıııııııııı,3
ıııııııııııııııııııı ıııııııııııııııı,78ıı5
ıııııııııııııııııııı ıııııııııııııııı ıııııııııııı,1
ıııııııııııııııııııı ıııııııııııııııı,82
ıııııııııııııııı ıııııııııı,4ıı
ıııııııııı ıııııııııııııııııııııııı,6
ıııııııııııııııııııı ıııııııııııııııı,62ıı1
ıııııııııııııııııııı ıııııııııııııııı,11ıı1
ıııııııııııııııı ıııııııııııııııı,17
ıııııııııııııııııııı ıııııııııı,14
ıııııııııııııııııııı ıııııııııııııııı,11ıı1
ıııııııııı ıııııııııııııı,13-15
ıııııııııııııııı ıııııııııııı,2
ıııııııııııııııııı ıııııııııııııııı,15
ıııııııııııııııııııııı ıııııııııı,6/4
ıııııııııııııı ıııııııııı,8
ıııııııııııııııııııı ıııııııııııııııııııı,11
ıııııııııııııı ıııııııııııııııı,137
ıııııııııııııııııııı ıııııııı ıııııııııııııııı,29/66
ıııııııııııııııııııı ıııııııııııı ıııııııııııııııııııı,27
8-ï¿½ï¿½ ï¿½ï¿½ï¿½ï¿½ï¿½ï¿½ï¿½ï¿½ï¿½ï¿
ıııııııııııııııı ıııııııııııı,6
ıııııııııııııııııııı ıııııııııı,38
ıııııııııııııııı ıııııııııııııııııııı,12
ıııııııııı ıııııııııııııııııııı,10ıı1
ıııııııııııııı ıııııııııııııı ıııııııııı,46
5-ï¿½ï¿½ ï¿½ï¿½ï¿½ï¿½ï¿½ï¿½ï¿½ï¿½ï¿½ï¿½ï¿½ï¿½ï¿½ï¿½ï¿½ï¿½ï¿½
ıııııııııııııııııııııı ıııııııııııııııııııı,6
ıııııııııı ıııııııııııııııııııı,2
ıııııııııııııı ıııııııııı,13
ıııııııııı ıııııııııııııııııı,8ıı
ıııııııııııııııııııı ıııııııııı,2
ıııııııııııııııııııı ıııııııı ıııııııııı,25
ıııııııııııııııııııı ıııııııııııııııı ıııııııııııııııı,22
ıııııııııııııııııııııııııııı ıııııııııııııııııııı,12-14
ıııııııııııııııııııııııııııııııı ıııııııııııııııı,26
ıııııııııı ıııııııııııııııı,10
ıııııııııııııı ıııııııııı,13ıı2
ıııııııııııı ıııııııııı,11
ıııııııııııııııııııııııııııııııııı ıııııııııııııııı,73-75
ıııııııııııııııııııı ıııııııııııııııı,137ıı2
ıııııııııııııı ıııııııııııııııı,88
ıııııııııııııııııııı ıııııııııı,38
ıııııııııı ıııııııııııııııııııı,10ıı5
ıııııııııııııııııııııııı ıııııııııı,2
ıııııııııııııııııı ıııııııııı,4
ıııııııııı ıııııııııııı,12
ıııııııııııııııııııı ıııııııııııııııı ıııııııııııııııı,22
ıııııııııııııııııııııı ıııııııııııııııı,51
ıııııııııııııııııııı ıııııııııııııııı ıııııııııııııııı,22
ıııııııııııııııııııııııı ıııııııııı,2
ıııııııııı ıııııııııııııııııı,26ıı2
ıııııııııııııı ıııııııııııııııı,140
ıııııııııııııııııııııııı ıııııııııı,2
ıııııııııııııııııııı ıııııııı ıııııııııııııııı,10
ıııııııııı ıııııııııııııııııııı,6ıı1
ıııııııııııııı ıııııııııııııııııııı,35ıı3
ıııııııııı ıııııııııııııııııı ıııııııııııııııı,7
ıııııııııııııııııııı ıııııııııııııııııııııııııı,30
ıııııııııııııııııııı ıııııııııııııııııııııııııı,30
ıııııııııııııı ıııııııııııııııııııııııııııı ıııııııııııııııı,4-6
9-ï¿½ï¿½ ï¿½ï¿½ï¿½ï¿½ï¿½ï¿½ï¿½ï¿½ï¿½ï¿½
ıııııııııııııııııııııı ıııııııııı,2/18
ıııııııııııııııııııı ıııııııııııııııııııı,3ıı4
ıııııııııııııııııııı ıııııııııııııııı,14
ıııııııııııııııı ıııııııııııııııı-ıııııııııııııııııı,29
ıııııııııııııııııııııı ıııııııııı,1ıı2
ıııııııııııııııııııı ıııııııııııııııııııııııııı,32
ıııııııııı ıııııııııııııııııı ıııııııııııııı,24
ıııııııııııııııııııı ıııııııııııııııııııııııııı,30
ıııııııııııııııııııı ıııııııııııııııı,4
ıııııııııı ıııııııııııııııııı,22
ıııııııııı ıııııııııııııııııııııı,27
ıııııııııııııııııııı ıııııııııııııı ıııııııııııı,6
ıııııııııııııııı ıııııııııııııı ıııııııııııııııııııııııııı ıııııııııııııı,79
ıııııııııııııııııııı ıııııııııııııııııııııııııı,30
ıııııııııı ıııııııııııııııı,10
ıııııııııııııııııııı ıııııııııııııııı,8ıı2
ıııııııııııııııııııı ıııııııııııııııııı,6
ıııııııııııııııııııı ıııııııııı,14
ıııııııııııııııııııı ıııııııııııııııı,78ıı5
8-ï¿½ï¿½ ï¿½ï¿½ï¿½ï¿½ï¿½ï¿½ï¿½ï¿½ï¿½ï¿½ï¿½ï¿½ï¿½ï¿½ï¿½ï¿½ï¿½
ıııııııııııııııı ıııııııııı,6
ıııııııııııııııııııı ıııııııııı,45
ıııııııııııııııııııı ıııııııııııııııı,46
ıııııııııııııııııııı ıııııııııııııııı,46
ıııııııııııııııı ıııııııııııı,20
ıııııııııı ıııııııııııııııııı,2ıı3
ıııııııııııııııııııııııı ıııııııııı,2
ıııııııııııııııııııı ıııııııııııııııı,78ıı5
ıııııııııııııııııııı ıııııııııııııııı,183-185ıııı4ıı
ıııııııııııııııııııı ıııııııııııııııı ıııııııııııı,1
ıııııııııııııııııııı ıııııııııııııııı ıııııııııııııııı,14
ıııııııııııııııııııı ıııııııııııııııı,46
ıııııııııııııııı ıııııııııııı,77ıı1
ıııııııııııııııııııı ıııııııııı,45
20-ï¿½ï¿½ ï¿½ï¿½ï¿½ï¿½ï¿½ï¿½ï¿½ï¿½ï¿½ï¿½ï¿½ï¿½ï¿½ï¿½ï¿½ï¿½ï¿
ıııııııııııııııııııı ıııııııııı,3ıı4
ıııııııııııııııı ıııııııııı,3ıı2
ıııııııııııııııııııı ıııııııııı,3ıı4
ıııııııııı ıııııııııııııııı,10
ıııııııııııııııııııııı ıııııııııııııı,16
ıııııııııııııııııı ıııııııııı,1ıı3
ıııııııııııııııııııı ıııııııı ıııııııııııııııı,164
ıııııııııııııııııııı ıııııııııı,14
ıııııııııııııııııııı ıııııııııı,45
ıııııııııı ıııııııııııııııı,25
ıııııııııııııııı ıııııııııı,40
11-ï¿½ï¿½ ï¿½ï¿½ï¿½ï¿½ï¿½ï¿½ï¿½ï¿½ï¿½ï¿½ï¿½ï¿½ï¿½ï¿½ï
ıııııııııııııııı ıııııııııııııııııııı,18
ıııııııııı ıııııııııııııııııı ıııııııııııııııı,7
ıııııııııııııııı ıııııııııııı,2
ıııııııııııı ıııııııııııııııııııı ıııııııı,6ıı1
ıııııııııııııııııııı ıııııııııı,45
ıııııııııııııııı ıııııııııııı,2
ıııııııııııııııııııı ıııııııııııııııı,24ıı2
ıııııııııııııııı ıııııııııııı,2
ıııııııııııııııı ıııııııııııı,2
ıııııııııııııııı ıııııııııı,4
ıııııııııııııııııııı ıııııııııı,3ıı4
ıııııııııııııııııııııı ıııııııııııııııı,4
ıııııııııııııııı ıııııııııııııııııııı,18
ıııııııııııııııı ıııııııııııı,2
ıııııııııııııııı ıııııııııııı,2
ıııııııııııııııııııııı ıııııııııııııııı,4
ıııııııııııııııı ıııııııııııııııııııı,18
ıııııııııııııııı ıııııııııı,32
ıııııııııııııııı ıııııııııııı,2
ıııııııııııııııııııı ıııııııııı,3ıı4
ıııııııııııııııııııı ıııııııııı,45
ıııııııııııııııııııııı ıııııııııııııııı,4
ıııııııııııııııı ıııııııııııı,2
ıııııııııııııııııııııı ıııııııııııııııı,4
ıııııııııı ıııııııııııııııı,10
ıııııııııııııııı ıııııııııı,6
ıııııııııııııııı ıııııııııııı,2
ıııııııııı ıııııııııııııııı,10
ıııııııııııııııııııı ıııııııı ıııııııııııııııı,16ıı2
ıııııııııııııııı ıııııııııı,6
ıııııııııııııııııı ıııııııııı,50ıı
ıııııııııı ıııııııııııııııııı,35
ıııııııııııııııııııı ıııııııı ıııııııııııııııı,76
ıııııııııııııı ıııııııııı,1
ıııııııııııııııı ıııııııııı,12
ıııııııııııııııı ıııııııııı,70
ıııııııııııııııııı ıııııııııı,3
ıııııııııııııııı ıııııııııı,26ıı4
ıııııııııı ıııııııııııı,10
ıııııııııııııııııııııı ıııııııııı,5
8-ï¿½ï¿½ ï¿½ï¿½ï¿½ï¿½ï¿½ï¿½ï¿½ï¿½ï¿½ï¿½ï¿½ï¿½ï¿½ï¿½ï¿½ï¿½ï¿½
ıııııııııııııııı ıııııııııııııııı,17
ıııııııııııııııııııııı ıııııııııııııııııııı,6
ıııııııııııııııııııı ıııııııııı,502ıııı
ıııııııııııııııı ıııııııııııııııııııııııııı,12
ıııııııııııııııııı ıııııııııı,9
ıııııııııııııııı ıııııııııııı,106ıı2
ıııııııııııııııııııı ıııııııııııııııı,206
ıııııııııııııııııııı ıııııııııııııııı,62ıı1
ıııııııııııııı ıııııııııı,45
ıııııııııııııı ıııııııııı,8
ıııııııııııııııııııııııııııııııııı ıııııııııııııııı,25/2
ıııııııııı ıııııııııııı,26
ıııııııııııııııııııııııııııııııııı ıııııııııı,121
ıııııııııııııııııııı ıııııııııııııııı ıııııııııııııııı,14
ıııııııııııııııııııı ıııııııııııııııı,11ıı2
ıııııııııııııııııııı ıııııııııııııııı ıııııııııııııııı,14
ıııııııııı ıııııııııııııııııııı,21ıı1
ıııııııııııııııııııı ıııııııııııııııı ıııııııııııııııı,14
ıııııııııııııııııııı ıııııııııııııııı,11ıı2
ıııııııııııııııııııı ıııııııııııııııı,11ıı2
ıııııııııııııııııııı ıııııııııııııııı,11ıı2
ıııııııııııııııııııı ıııııııııııııııı,11ıı2
ıııııııııııııııııııı ıııııııııııııııı,11ıı2
ıııııııııııııııııııı ıııııııııııııııı,11ıı2
ıııııııııııııııııı ıııııııııı,1ıı4
ıııııııııııııııı ıııııııııı,32
ıııııııııııııııııııııııııııııııııı ıııııııııııııııı,9
ıııııııııı ıııııııııı,1-3ıı
ıııııııııııııııııııı ıııııııııııııııı,62ıı1
ıııııııııı ıııııııııı,1-3ıı
ıııııııııııııııııııııı ıııııııııııııııı,43-45
ıııııııııııııııııııı ıııııııııııııııı,62ıı1
ıııııııııııııııı ıııııııııııııııı,17
ıııııııııııııııı ıııııııııııııııı-ıııııııııııııııııı,93
ıııııııııııııııııııı ıııııııııııııııııı,4
ıııııııııııııııııııı ıııııııııı,45
ıııııııııııııııııııııı ıııııııııııııııııııı,6
ıııııııııııııııııııı ıııııııııııııııı,11ıı1
ıııııııııııııııı ıııııııııııııııı,17
ıııııııııııııı ıııııııııııııııı,29
ıııııııııııııı ıııııııııııııııı,33
ıııııııııı ıııııııııııııııı,1
ıııııııııııııııııııı ıııııııııııııııı,58ıı2
ıııııııııı ıııııııııııııııı,10
ıııııııııııııı ıııııııııııııııı ıııııııııı,9ıı
ıııııııııııııııııııı ıııııııııı,45
ıııııııııııııııı ıııııııııı,12
ıııııııııııııııı ıııııııııııııııı,17
ıııııııııııııııı ıııııııııı,26ıı4
ıııııııııııııı ıııııııııııııııı,29
ıııııııııııı ıııııııııı,5
ıııııııııııııı ıııııııııııııııı,33
ıııııııııııııııııııı ıııııııı ıııııııııııııııı,54
ıııııııııııııııııııı ıııııııııı,3
ıııııııııııııı ıııııııııı,13ıı2
ıııııııııııııııııııı ıııııııııı,45
ıııııııııııııııııııııııııııııııı ıııııııııııııııı,26
ıııııııııııııııı ıııııııııııııııııııı,12
ıııııııııı ıııııııııııı,10
ıııııııııııııııııı ıııııııııı,5
ıııııııııııııı ıııııııııııııı ıııııııııı,46
ıııııııııı ıııııııııııııııı,1
1-ï¿½ï¿½ ï¿½ï¿½ï¿½ï¿½ï¿½ï¿½ï¿½ï¿½ï¿½
ıııııııııııııııııııı ıııııııııııııııı ıııııııııııı,1
ıııııııııııııııııııı ıııııııııııııııı ıııııııııııı,1
ıııııııııııııııııııı ıııııııııı,45
ıııııııııııııııı ıııııııııı,64
ıııııııııııııııııııı ıııııııııı,424
ıııııııııııııııı ıııııııııııı,12
2-ï¿½ï¿½ ï¿½ï¿½ï¿½ï¿½ï¿½ï¿½ï¿½ï¿½ï¿½ï
ıııııııııııııııııııı ıııııııııı,45
ıııııııııııııı ıııııııııııııııııııı,21ıı2
ıııııııııııııı ıııııııııııııııııııı,21ıı2
ıııııııııı ıııııııııııııııııııı ıııııııııı,9
ıııııııııııııııııııııııııııııııııı ıııııııııııııııı,56
ıııııııııııııııııııııı ıııııııııııııııı,4
ıııııııııııııııııııııııı ıııııııııı,41
ıııııııııııııııııııııı ıııııııııı,12ıı
ıııııııııııııııııııııı ıııııııııı,26
ıııııııııııııııııııı ıııııııııııııııııııııııııı,4
ıııııııııııııııııııııııı ıııııııııı,41
ıııııııııııııııı ıııııııııı,12
2-ï¿½ï¿½ ï¿½ï¿½ï¿½ï¿½ï¿½ï¿½ï¿½ï¿½ï¿½ï¿½ï
1-ï¿½ï¿½ ï¿½ï¿½ï¿½ï¿½ï¿½ï¿½ï¿½ï¿½ï¿½
ıııııııııııııııııııııııı ıııııııııı,41
ıııııııııııııııııııı ıııııııııııııııı ıııııııııııııııı,22
ıııııııııııııııııı ıııııııııııııııııııı,10
ıııııııııııııı ıııııııııııııııııııı ıııııııııı,1/8
ıııııııııııııııııııı ıııııııııııııııı,82
ıııııııııı ıııııııııııııııı,16/23
ıııııııııııııııııııııııı ıııııııııııııııı,23
ıııııııııııııııııııııı ıııııııııı,2
ıııııııııı ıııııııııııııı,3
ıııııııııııııııııııı ıııııııııı,15/1
ıııııııııı ıııııııııııı,26
ıııııııııııııııııııııııı ıııııııııııııııı,8
ıııııııııııııııııııı ıııııııııı,45
ıııııııııııııııııııı ıııııııııı,45
ıııııııııı ıııııııııııııııııı ıııııııııııııııı,7
ıııııııııııııııııııııııı ıııııııııı,25
ıııııııııııııııııııı ıııııııııı,16
ıııııııııı ıııııııııııııııııı,2
ıııııııııııııııı ıııııııııııı,37-39
ıııııııııı ıııııııııııııııııı,36
ıııııııııı ıııııııııııııı ıııııııııııııııı,34
ıııııııııııııııııııı ıııııııııııııııı,5
ıııııııııııııııııııııııııııııııııı ıııııııııııııııı,56ıı2
ıııııııııııııııııııııııııııııııııı ıııııııııııııııı,29
ıııııııııııııııııııııı ıııııııııı,8ıı
ıııııııııııııııı ıııııııııı,19
ıııııııııııııııııı ıııııııııı,9
ıııııııııııııııı ıııııııııııııııııııııııı,15ıı1
ıııııııııııııııııı ıııııııııı,1
ıııııııııı ıııııııııııııııııı,2ıı3
ıııııııııııııııııııııııı ıııııııııııııııııııı,58
ıııııııııııııııı ıııııııııı,3ıı2
ıııııııııııııııııııı ıııııııııııııııı,183-185ıııı6
ıııııııııııııııııııııı ıııııııııııııııı,12
ıııııııııııııııııı ıııııııııııııııı,26
ıııııııııııııııııı ıııııııııı,1ıı3
ıııııııııııııııııııı ıııııııııııııııı,183-185ıııı4ıı
ıııııııııııııııııııı ıııııııııııııııı,62ıı1
ıııııııııııııııııııııı ıııııııııı,22
ıııııııııııııııı ıııııııııı,4
ıııııııııııııııııııı ıııııııııııııııı,14
ıııııııııııııı ıııııııııı,27-29
ıııııııııııııııı ıııııııııı,6
ıııııııııııııı ıııııııııı,8
ıııııııııııııııııııııııı ıııııııııı,42
ıııııııııı ıııııııııııı,8
4-ï¿½ï¿½ ï¿½ï¿½ï¿½ï¿½ï¿½ï¿½ï¿½ï¿½ï¿½ï¿½ï¿½ï¿½ï¿½ï¿½ï¿½ï¿½ï¿
ıııııııııııııııııııı ıııııııııı,45
ıııııııııııııııı ıııııııııııııııııııııııı,15ıı1
ıııııııııı ıııııııııııııııııı,8
ıııııııııııııııııııı ıııııııı ıııııııııııııııı,54
ıııııııııııııı ıııııııııı,14
ıııııııııııııııııııı ıııııııııııııııı ıııııııııııııııı,22
ıııııııııııııı ıııııııııı,8
ıııııııııııııııııııııııııııııııııı ıııııııııııııııı,26-28
ıııııııııııııııııııı ıııııııııııııııııııııııııııııı ıııııııııııı,27
ıııııııııııııııııııııı ıııııııııı,8ıı
ıııııııııııııııııııı ıııııııııııııııııııııııııı,32
ıııııııııııııııııııı ıııııııııııııııııı,4
ıııııııııııııııııııı ıııııııııııııııı,52ıı3
7-ï¿½ï¿½ ï¿½ï¿½ï¿½ï¿½ï¿½ï¿½ï¿½ï¿½ï¿½ï¿½ï¿½ï¿½ï¿½ï¿½ï¿½ï¿½ï¿½
ıııııııııııııııııııı ıııııııııı,45
ıııııııııııııııı ıııııııııı,3ıı1ıı
5-ï¿½ï¿½ ï¿½ï¿½ï¿½ï¿½ï¿½ï¿½ï¿½ï¿½ï¿½ï¿½ï¿½ï¿
ıııııııııııııııııııı ıııııııııııııııı,62ıı1
ıııııııııııııı ıııııııııııııııııııı,21ıı2
ıııııııııııııııııııı ıııııııııı,10
ıııııııııııııııııııı ıııııııııııııııı,46
ıııııııııııııı ıııııııııı,10
ıııııııııııııııı ıııııııııııııı ıııııııııııııııııııııııııı ıııııııııııııı,79
ıııııııııııııı ıııııııııı,8
ıııııııııı ıııııııııııııı ıııııııııııııııı,8ıı2
ıııııııııııııııııı ıııııııııııııııı,5
ıııııııııııııııııııı ıııııııı ıııııııııı,42
ıııııııııııııı ıııııııııııııı ıııııııııı,46
ıııııııııı ıııııııııııııııııııııı,38/9
ıııııııııııııı ıııııııııı,8
ıııııııııııııııııııııı ıııııııııı,2
ıııııııııııııııııııı ıııııııııı,11/64
ıııııııııııı ıııııııııııııııııııı ıııııııı,6ıı1
ıııııııııııııııııııı ıııııııııı,45
ıııııııııı ıııııııııııııııııı,128ıı1
ıııııııııııııııııııı ıııııııııı,45
ıııııııııı ıııııııııııııııııı,4ıı3
ıııııııııııııııııııııııı ıııııııııı,33
ıııııııııııııı ıııııııııı,8
ıııııııııı ıııııııııı,1-3ıı
ıııııııııııııııııııı ıııııııııııııııııı,4
ıııııııııııııııııııııı ıııııııııııııııııııı,6
ıııııııııııııı ıııııııııııııı ıııııııııı,46
ıııııııııııııııııı ıııııııııı,1ıı4
ıııııııııııııııııııı ıııııııı ıııııııııııııııı,76
ıııııııııııııııııııııı ıııııııııı,8ıı
ıııııııııııııı ıııııııııııııııııııı ıııııııııı,12
ıııııııııııııııı ıııııııııııııııııııı,8ıı2
